postId,id,name,email,body
1,1,to work out how they work,Eliseo@gardner.biz,I like to praise the great pleasure appropriate \ ntempora which needs \ fluid and the like \ nreiciendis and his mind on denouncing
1,2,I was rejecting wants like them,Jayne_Kuhic@sydney.com,For every child there is no pain never been a pleasure \ blinded to the net at any \ nvoluptatis mistake prepared to pay \ nnihil be our pleasure and rejects 
1,3,hatred or the attainment of the mind,Nikita@garfield.biz,find it annoying if he rejects \ nam will have to manage a blind cheering \ nomnibus some choices are often the accusation greater for the \ ncum and led to the pleasures welcome quo which could
1,4,more unpopular ,Less @ alysha.tv,"oes not and and the \ noccaecati deserted the general's world hate us, who from where he had the pleasure of accusing \ nbecause, therefore, result from the pleasure of the pain, \ nand was that the blind are those who attribute the deleniti"
1,5,some of these symptoms and the pain fault,Hayden@althea.biz,And this is like a \ nTempore right of the pleasures in the \ nhar runs an architect who discovered eagerness \ nvoluptatis great where
1,6,,,
1,7,,,
1,8,,,
1,9,,,
1,10,,,
1,11,,,
1,12,,,
1,13,,,
1,14,,,
1,15,,,
1,16,,,
1,17,,,
1,18,,,
1,19,,,
1,20,,,
1,21,,,
1,22,,,
1,23,,,
1,24,,,
1,25,,,
1,26,,,
1,27,,,
1,28,,,
1,29,,,
1,30,,,
1,31,,,
1,32,,,
1,33,,,
1,34,,,
1,35,,,
1,36,,,
1,37,,,
1,38,,,
1,39,,,
1,40,,,
1,41,,,
1,42,,,
1,43,,,
1,44,,,
1,45,,,
1,46,,,
1,47,,,
1,48,,,
1,49,,,
1,50,,,
1,51,,,
1,52,,,
1,53,,,
1,54,,,
1,55,,,
1,56,,,
1,57,,,
1,58,,,
1,59,,,
1,60,,,
1,61,,,
1,62,,,
1,63,,,
1,64,,,
1,65,,,
1,66,,,
1,67,,,
1,68,,,
1,69,,,
1,70,,,
1,71,,,
1,72,,,
1,73,,,
1,74,,,
1,75,,,
1,76,,,
1,77,,,
1,78,,,
1,79,,,
1,80,,,
1,81,,,
1,82,,,
1,83,,,
1,84,,,
1,85,,,
1,86,,,
1,87,,,
1,88,,,
1,89,,,
1,90,,,
1,91,,,
1,92,,,
1,93,,,
1,94,,,
1,95,,,
1,96,,,
1,97,,,
1,98,,,
1,99,,,
1,100,,,
